song_name,artist,year_of_release,upvotes,playback_time,music_link
Good Life,OneRepublic,2018,102756,PT4M14S,https://www.youtube.com/watch?v=SmXbCBAHTfo
Good Life,G-Eazy,2017,183911,PT3M46S,https://www.youtube.com/watch?v=oND0Huaw5Fc
Life's Been Good,Joe Walsh,2014,383825,PT8M57S,https://www.youtube.com/watch?v=ss9VZ1FHxy0
The Good Life,Three Days Grace,2015,141856,PT2M54S,https://www.youtube.com/watch?v=TcpUF5bidoY
Good Life,BEAT SINGH,2024,136,PT2M56S,https://www.youtube.com/watch?v=Onm7ywem66U
Life Is Good,Future,2020,1152413,PT3M58S,https://www.youtube.com/watch?v=6f8gDL-wPN8
Good Life,Kanye West,2018,33291,PT3M27S,https://www.youtube.com/watch?v=U-N8gJ4HdYc
Good Life,Lisi,2021,12698,PT3M29S,https://www.youtube.com/watch?v=mDxwN4jXRQs
Good Life,2Pac,2018,36903,PT4M18S,https://www.youtube.com/watch?v=8D3pVWQtxdU
"Good Life (From ""The Garfield Movie"")",Jon Batiste,2024,2059,PT2M40S,https://www.youtube.com/watch?v=1BRTttDNvgE
Good Life,OneRepublic,2022,5863,PT3M59S,https://www.youtube.com/watch?v=zOFygHcpwb8
Life is good,Emiway Bantai,2022,30658,PT3M10S,https://www.youtube.com/watch?v=oM9TVbFrYCA
Good Life,Inner City,2017,36844,PT4M5S,https://www.youtube.com/watch?v=eA8gUN34nlw
Damn Good Life,Dalton Dover,2022,2582,PT2M38S,https://www.youtube.com/watch?v=oORFMeSua0w
GOOD LIFE GOOD THOUGHTS,Baggh-E SMG,2023,6929,PT3M31S,https://www.youtube.com/watch?v=6Wer19_wCQI
Good Life,Ryan Mack,2024,993,PT2M54S,https://www.youtube.com/watch?v=yhyMyewwm0U
Feeling Good,Nina Simone,2018,970358,PT2M54S,https://www.youtube.com/watch?v=BNMKGYiJpvg
Good Life,Harris J,2015,2801,PT4M12S,https://www.youtube.com/watch?v=AzKbe3Ou93Q
That Good Life,Big Tone,2014,10149,PT4M32S,https://www.youtube.com/watch?v=NRIqzLVLvLM
Good Life,Chela Rivas,2023,1014,PT2M21S,https://www.youtube.com/watch?v=h5vB1ffj520
Good Life,Anthony B,2017,1123,PT4M4S,https://www.youtube.com/watch?v=szTT_B8WxSc
Good Life (Remix Maxi Version),Ebony,2023,2276,PT4M51S,https://www.youtube.com/watch?v=B-or3OFG0Rk
The Good Life,Tony Bennett,2015,13261,PT2M15S,https://www.youtube.com/watch?v=CJiDerQXyoo
Good Life,Shota Shimizu,2021,28,PT4M40S,https://www.youtube.com/watch?v=ZOhGZVjotNY
Good Life,Shota Shimizu,2021,28,PT4M40S,https://www.youtube.com/watch?v=ZOhGZVjotNY
Good Life,Kappa Jotta,2020,2576,PT3M41S,https://www.youtube.com/watch?v=8Nd0hbEPMyc
Good Life,Takana Zion,2021,71,PT4M19S,https://www.youtube.com/watch?v=09h2zA0bTpI
Good Life,ISLY,2022,904,PT4M22S,https://www.youtube.com/watch?v=1xRH2T8Mgjw
The Good Life,Kenny Rogers,2018,142,PT2M50S,https://www.youtube.com/watch?v=VMWJhmYRsqk
The Good Life,Amber Pacific,2021,739,PT3M40S,https://www.youtube.com/watch?v=suj8DEg56cc
Good Life,clement,2019,1177,PT4M41S,https://www.youtube.com/watch?v=eedqohjwxGk
GOOD LIFE,MIGHTY WARRIORS,2018,2132,PT4M25S,https://www.youtube.com/watch?v=fGco4n9EL_k
Good Life,Sweet California,2017,667,PT3M37S,https://www.youtube.com/watch?v=dmZhIDgQ1E0
Good Life,Good Life,2023,3023,PT2M48S,https://www.youtube.com/watch?v=ZFXKNr5JfWI
The Good Life (Remastered),Bobby Darin,2017,821,PT2M27S,https://www.youtube.com/watch?v=jKkFtoGH_f8
The Good Life,Beegie Adair,2019,1640,PT4M23S,https://www.youtube.com/watch?v=FSoINHyIaSo
Good Life,Burak Balkan,2022,388,PT3M34S,https://www.youtube.com/watch?v=czRi5flFEbA
Good Life (feat. Printz Board),Kim Dotcom,2014,897,PT4M33S,https://www.youtube.com/watch?v=q6VSFi4lBRU
Good Life,litmus*,2020,835,PT4M22S,https://www.youtube.com/watch?v=niY-060vmg0
Good Life,Barenaked Ladies,2021,873,PT3M22S,https://www.youtube.com/watch?v=Asfx6CHsO3k
It's A Good Life,Rea Garvey,2018,1348,PT3M30S,https://www.youtube.com/watch?v=FHnjibESzSo
The Good Life,Devon Gilfillian,2020,3353,PT4M6S,https://www.youtube.com/watch?v=hyTeuuKLB8w
Good Life,The Young Escape,2018,3961,PT3M6S,https://www.youtube.com/watch?v=h3FbaVREftI
A Very Good Life,Lebanon Hanover,2018,4506,PT3M58S,https://www.youtube.com/watch?v=-2vTfHMOzAk
It's a Good Life,Tom Gaebel,2018,767,PT3M29S,https://www.youtube.com/watch?v=r-ncxwqnEoM
Good Life (feat. Ledisi),Eric Benét,2017,424,PT4M7S,https://www.youtube.com/watch?v=RhIM17X_7OU
The Good Life,Pat Benatar,2017,380,PT4M12S,https://www.youtube.com/watch?v=vkkJRMaqxN8
Good Life (Remastered),Inner City,2020,7110,PT3M17S,https://www.youtube.com/watch?v=iVp5PVZj2PU
The Good Life,Trent Willmon,2017,251,PT2M51S,https://www.youtube.com/watch?v=Q0ut_pRDsyk
Don't Let The Good Life Pass You By,Cass Elliot,2018,3024,PT2M49S,https://www.youtube.com/watch?v=u-s62ZdMjKE
The Good Life (Remastered 2021),Matt Monro,2022,125,PT2M26S,https://www.youtube.com/watch?v=zvsPAwsdzI4
The Good Life,The Drifters,2017,367,PT3M17S,https://www.youtube.com/watch?v=rCZpohjvuoM
